,movie_candidates
0,110 260 356 5 2959<
1,110 260 318 593 2959
2,110 260 318 356 593 25
3,110 260 296 527 593
4,110 260 296 318 527 119
5,110 260 296 318 527 5
6,110 260 318 356 527 119
7,110 296 356 527 593
8,110 296 318 356 527 5
9,110 260 296 318 527 119
10,110 260 356 593 2959
11,110 296 318 527 593
12,110 260 1196<|end
13,110 260 296 593 2959
14,110 260 318 356 593 119
15,110 260 296 318 356 593
16,110 296 356 1196 2571
17,110 260 296 318 593 119
18,110 260 296 356 527 5
19,110 356 527 593 119
20,110 260 318 356 527 5
21,110 260 296 318 356 527
22,110 260 318 1196 2571
23,110 296 356 527 593
24,110 260 296 356 2571 29
25,110 260 356 2571 2959
26,110 260 296 356 593 29
27,110 260 318 1196 2959
28,110 260 296 318 356 593
29,110 260 296 527 593
30,110 296 1196 2571<
31,110 296 356 593 1196
32,110 260 318 593 1196
33,110 260 296 318 593 25
34,110 260 318 2571 2959
35,110 260 296 318 593 25
36,110 260 356 593 1196
37,110 260 296 318 356 527
38,110 260 318 356 593 119
39,110 260 593 1196 29
40,110 260 296 318 527 5
41,110 260 318 527 593
42,110 296 527 593 119
43,110 260 296 1196 2571
44,110 260 318 356 593 119
45,110 296 318 356 527 5
46,110 296 318 356 593 119
47,110 260 318 593 2571
48,110 260 296 318 527 5
49,110 260 296 527 593
50,110 260 356 593 2571
51,110 260 296 318 527 5
52,110 356 593 2959<
53,110 260 356 527 593
54,110 260 356 2959<|
55,110 356 527 593 119
56,110 260 296 318 593 25
57,110 260 296 318 527 5
58,110 260 296 318 356 527
59,110 356 593 1196 29
60,110 260 5 2959<|
61,110 296 318 527 593
62,110 260 296 318 593 119
63,110 260 318 356 593 29
64,110 260 593 2959<
65,110 260 318 527 593
66,110 260 296 356 593 119
67,110 260 296 356 593 119
68,110 296 356 593 1196
69,110 260 356 527 593
70,110 260 593 1196<
71,110 593<|endof
72,110 260 527 593 29
73,110 260 2571<|end
74,110 260 296 318 593 119
75,110 260 356 527 1196
76,110 260 318 593 1196
77,110 296 318 527 593
78,110 296 318 356 527 5
79,110 260 318 356 2571<
80,110 260 318 593 1196
81,110 260 296 318 356 593
82,110 260 593 1196 25
83,110 260 593 1196 29
84,110 260 318 356 527 5
85,110 260 296 318 527 5
86,110 260 296 356 527 5
87,110 296 318 356 593 25
88,110 260 296 318 356 2571
89,110 318 1196 2571<
90,110 296 318 527 593
91,110 296 527 593 119
92,110 296 318 593 1196
93,110 356 593<|end
94,110 260 318 356 56 25
95,110 260 356 1196 2571
96,110 593<|endof
97,110 296 318 527 593
98,110 260 356 527 593
99,110 356 527 593 119
100,110 296 356 593 1196
101,110 260 296 593 1196
102,110 260 593<|end
103,110 260 296 593 1196
104,110 260 356 1196 2571
105,110 260 296 318 356 593
106,110 260 296 1196 2571
107,110 296 318 356 1196 29
108,110 260 318 593 1196
109,110 318 1196 2571<
110,110 296 318 356 527 119
111,110 260 1196 2959<
112,110 296 593 1196 25
113,110 260 318 356 1196<
114,110 260 356 527 2959
115,110 260 296 356 593 25
116,110 356 593 1196 29
117,110 260<|endoftext
118,110 296 356 527 593
119,110 296 356 593 1196
120,110 260 356 527 593
121,110 260 296 318 593 119
122,110 260 318 527 2571
123,110 260 318 356 527 5
124,110 260 296 527 593
125,110 260 356 593 2571
126,110 260 296 318 356 2959
127,110 260 2571 2959<
128,110 260 318 356 593 5
129,110 260 296 356 593 119
130,110 296 318 356 593 119
131,110 260 318 527 1196
132,110 260 318 527 593
133,110 260 318 593 1196
134,110 260 318 1196 2959
135,110 318 356 527 593
136,110 260 356 593 2571
137,110 260 318 356 2571 29
138,110 296 318 527 593
139,110 260 296 318 356 2959
140,110 260 296 318 527 119
141,110 593<|endof
142,110 296 318 527 593
143,110 296 593 1196 25
144,110 260 296 318 356 527
145,110 260 356 593 1196
146,110 260 296 318 527<
147,110 296 356 2571 2959
148,110 260 296 356 593 119
149,110 260 296 356 527 5
150,110 260 296 527 593
151,110 260 296 318 356 593
152,110 260 356 593 1196
153,110 260 296 527 1196
154,110 260 296 356 593 119
155,110 260 296 356 1196 29
156,110 296 356 527 593
157,110 260 296 318 593 25
158,110 260 318 593 2571
159,110 260 296 318 2571 29
160,110 296 318 593 1196
161,110 260 318 527 593
162,110 260 527<|end
163,110 260 296 318 527 5
164,110 260 296 318 356 527
165,110 260 296 318 593 25
166,110 296 593 1196 25
167,110 260 318 356 593<
168,110 296 356 527 593
169,110 296 318 593 1196
170,110 296 318 356 527 5
171,110 296 527 593 119
172,110 260 296 356 527 5
173,110 260 296 356 1196 25
174,110 260 296 318 593 29
175,110 260 296 318 356 2571
176,110 260 356 593 1196
177,110 260 296 318 527 5
178,110 260 296 318 356 527
179,110 260 356 593 1196
180,110 260 296 356 593 119
181,110 260 318 356 2571 29
182,110 260 296 527 593
183,110 260 318 593 2571
184,110 296 593 2959<
185,110 296 2571 2959<
186,110 260 356 593 2571
187,110 260 296 318 593 119
188,110 260 318 356<|end
189,110 260 593 2959<
190,110 260 593 2571 29
191,110 260 318 356 527 5
192,110 356 593 2571<
193,110 260 296 318 356 1196
194,110 260 356 1196 2571
195,110 260 356 593 1196
196,110 260 296 318 527 5
197,110 260 296 318 356 527
198,110 260 527 593 29
199,110 260 296 318 2571 29
200,1196 2571 2959<|
201,1196 2571 2959<|
202,1196 2571 2959<|
203,1196 2571 2959<|
204,1196 2959<|endof
205,1196 2571 2959<|
206,1196 2959<|endof
207,1196<|endoftext|
208,1196 2959<|endof
209,1196 2959<|endof
210,1196 2959<|endof
211,1196 2959<|endof
212,1196 2571<|endof
213,1196 2571<|endof
214,1196<|endoftext|
215,1196<|endoftext|
216,1196 2959<|endof
217,1196 2571<|endof
218,1196<|endoftext|
219,1196<|endoftext|
220,1196 2959<|endof
221,1196 2571 2959<|
222,1196 2571 2959<|
223,1196 2571<|endof
224,1196 2571<|endof
225,1196 2571<|endof
226,1196 2571<|endof
227,1196 2571 2959<|
228,1196 2571 2959<|
229,1196 2959<|endof
230,1196<|endoftext|
231,1196 2959<|endof
232,1196<|endoftext|
233,1196 2959<|endof
234,1196 2571<|endof
235,1196 2959<|endof
236,1196<|endoftext|
237,1196<|endoftext|
238,1196 2571<|endof
239,1196 2571 2959<|
240,1196<|endoftext|
241,1196 2959<|endof
242,1196 2959<|endof
243,1196<|endoftext|
244,1196 2571<|endof
245,1196 2571 2959<|
246,1196 2959<|endof
247,1196<|endoftext|
248,1196<|endoftext|
249,1196 2959<|endof
250,1196<|endoftext|
251,1196<|endoftext|
252,1196<|endoftext|
253,1196<|endoftext|
254,1196<|endoftext|
255,1196 2571 2959<|
256,1196 2959<|endof
257,1196 2959<|endof
258,1196 2959<|endof
259,1196 2571<|endof
260,1196<|endoftext|
261,1196<|endoftext|
262,1196<|endoftext|
263,1196<|endoftext|
264,1196 2571 2959<|
265,1196 2959<|endof
266,1196<|endoftext|
267,1196<|endoftext|
268,1196<|endoftext|
269,1196<|endoftext|
270,1196 2571 2959<|
271,1196<|endoftext|
272,1196<|endoftext|
273,1196 2959<|endof
274,1196<|endoftext|
275,1196 2571 2959<|
276,1196 2571 2959<|
277,1196<|endoftext|
278,1196 2571 2959<|
279,1196<|endoftext|
280,1196 2571<|endof
281,1196 2571<|endof
282,1196 2571 2959<|
283,1196 2571 2959<|
284,1196<|endoftext|
285,1196<|endoftext|
286,1196 2571<|endof
287,1196 2959<|endof
288,1196 2571 2959<|
289,1196 2571 2959<|
290,1196 2571 2959<|
291,1196 2571<|endof
292,1196 2571 2959<|
293,1196 2571<|endof
294,1196 2959<|endof
295,1196 2571<|endof
296,1196<|endoftext|
297,1196 2571 2959<|
298,1196<|endoftext|
299,1196 2571 2959<|
300,1196 2959<|endof
301,1196 2571<|endof
302,1196 2571<|endof
303,1196<|endoftext|
304,1196 2571 2959<|
305,1196<|endoftext|
306,1196 2571<|endof
307,1196 2571<|endof
308,1196<|endoftext|
309,1196 2959<|endof
310,1196<|endoftext|
311,1196<|endoftext|
312,1196<|endoftext|
313,1196<|endoftext|
314,1196 2571<|endof
315,1196<|endoftext|
316,1196 2571 2959<|
317,1196<|endoftext|
318,1196<|endoftext|
319,1196<|endoftext|
320,1196<|endoftext|
321,1196<|endoftext|
322,1196 2959<|endof
323,1196<|endoftext|
324,1196 2959<|endof
325,1196 2959<|endof
326,1196 2571 2959<|
327,1196 2571 2959<|
328,1196 2571<|endof
329,1196 2571<|endof
330,1196<|endoftext|
331,1196 2571 2959<|
332,1196 2571<|endof
333,1196 2959<|endof
334,1196<|endoftext|
335,1196<|endoftext|
336,1196 2571<|endof
337,1196 2959<|endof
338,1196 2959<|endof
339,1196<|endoftext|
340,1196 2571<|endof
341,1196<|endoftext|
342,1196<|endoftext|
343,1196<|endoftext|
344,1196 2959<|endof
345,1196 2959<|endof
346,1196 2571<|endof
347,1196 2571<|endof
348,1196 2571<|endof
349,1196<|endoftext|
350,1196<|endoftext|
351,1196 2571 2959<|
352,1196<|endoftext|
353,1196<|endoftext|
354,1196<|endoftext|
355,1196<|endoftext|
356,1196 2571<|endof
357,1196 2571 2959<|
358,1196 2571<|endof
359,1196<|endoftext|
360,1196 2959<|endof
361,1196<|endoftext|
362,1196 2571 2959<|
363,1196<|endoftext|
364,1196 2571 2959<|
365,1196<|endoftext|
366,1196<|endoftext|
367,1196 2571<|endof
368,1196 2959<|endof
369,1196<|endoftext|
370,1196<|endoftext|
371,1196 2959<|endof
372,1196 2571 2959<|
373,1196 2959<|endof
374,1196<|endoftext|
375,1196 2571 2959<|
376,1196<|endoftext|
377,1196<|endoftext|
378,1196 2571 2959<|
379,1196 2959<|endof
380,1196<|endoftext|
381,1196<|endoftext|
382,1196 2571 2959<|
383,1196 2571 2959<|
384,1196<|endoftext|
385,1196 2959<|endof
386,1196<|endoftext|
387,1196 2571 2959<|
388,1196 2571 2959<|
389,1196 2571 2959<|
390,1196 2959<|endof
391,1196 2571 2959<|
392,1196 2959<|endof
393,1196<|endoftext|
394,1196 2571<|endof
395,1196 2571 2959<|
396,1196<|endoftext|
397,1196<|endoftext|
398,1196<|endoftext|
399,1196<|endoftext|
400,260 296 1196 2571 29
401,260 296 356 1196 2571
402,260 318 356 593 1196
403,260 296 356 593<|
404,260 356 593 2959<
405,260 318 356 1196 2959
406,260 296 318 527 2571
407,260 296 593<|end
408,260 318 356 527 593
409,260 296 318 356 527 5
410,260 296 318 593 2571
411,260 318 356 527 593
412,260 296 2959<|end
413,260 296 318 356 527 5
414,260 318 356 2571 2959
415,260 318 356 2571<|
416,260 356 593<|end
417,260 296 356 527 593
418,260 296 356 527 593
419,260 356 2571 2959<
420,260 296 318 2571 2959
421,260 296 356 593 1196
422,260<|endoftext|
423,260 296 318 527 593
424,260 318 527 593 119
425,260 296 318 356 2571<
426,260 296 593 1196 25
427,260 296 593 2959<
428,260 296 356 1196 2571
429,260 296 527 593 29
430,260 318 2571<|end
431,260 260 296 318 356 527
432,260 296 527 593 25
433,260 296 318 527 593
434,260 296 356 1196 2571
435,260 318 356 527 593
436,260 527<|endof
437,260 296 318 356 593 29
438,260 260 296 527 1196
439,260 593 2571<|
440,260 356 527 593 25
441,260 296 356 527 593
442,260 1196 2571<|
443,260 296 318 356 593 25
444,260 260 318 356 527 25
445,260 296 318 356 593 119
446,260 260 296 318 527 25
447,260 260 593 1196 25
448,260 296 318 527 2571
449,260 296 318 527 2959
450,260 260 2959<|end
451,260 296 318 356 593 119
452,260 260 296 527 593
453,260 527 593 2571
454,260 296 318 527 593
455,260 296 318 356 527 5
456,260 356 527 593 29
457,260 296 593<|end
458,260 296 356 2959<|
459,260 296 593<|end
460,260 318 356 593 2959
461,260 318 593 1196 25
462,260 296 527 593 119
463,260 356 527 593 29
464,260 318 356 2571 2959
465,260 296 318 356 2571 29
466,260 296 356 593 2571
467,260 318 356 593 2571
468,260 318 356 527 593
469,260 296 318 356 593 29
470,260 318 356 1196 2959
471,260 356 593 1196 25
472,260 296 318 2571<|
473,260 318 356 527 2571
474,260 296 318 2571<|
475,260 318 356 527 593
476,260 318 593 2571<
477,260 296 318 527 593
478,260 296 318 593 2959
479,260 296 318 356 593 25
480,260 296 356 593 2959
481,260 296 356 593 1196
482,260 318 2571 2959<
483,260 318 356 593<|
484,260 296 356 593 2571
485,260 296 318 593 1196
486,260 318 356 527 593
487,260 296 527 593 119
488,260 296 318 527 593
489,260 318 356 2571<|
490,260 296 318 356 2571 29
491,260 296 318 527 593
492,260 296 593 2571 29
493,260 356 527 1196<
494,260 296 318 593 2571
495,260 296 593 1196 25
496,260 296 356 593 1196
497,260 296 318 356 593 119
498,260 296 356 527 593
499,260 296 318 527 593
500,260 593 1196 2959
501,260 296 318 356 593 119
502,260 296 318 356 571 29
503,260 296 318 356 527 5
504,260 318 1196<|end
505,260 260 296 356 593 119
506,260 318 356 527 593
507,260 527 593 1196
508,260 296 356 1196 2571
509,260 356 527 593 119
510,260 296 527 593<
511,260 296 356 593 1196
512,260 318 2959<|end
513,260 593 2571 2959
514,260 296 318 527 593
515,260 296 527 593 25
516,260 296 318 527 593
517,260 296 318 356 1196<
518,260 296 318 593 2571
519,260 260 296 356 593 119
520,260 296 318 356 527 5
521,260 356 593 1196 29
522,260 318 2959<|end
523,260 260 356 593<|
524,260 296 318 356 593<
525,260 296 356 527 593
526,260 318 2571 2959<
527,260 296 318 527 593
528,260 296 318 356 527 5
529,260 296 356 593 1196
530,260 296 356 527 1196
531,260 260 296 356 527 5
532,260 593 2571 2959
533,260 296 1196 2571<
534,260 296 318 593 1196
535,260 296 356 1196 2571
536,260 318 527 593 25
537,260 260 356 527 593
538,260 296 318 356 527 5
539,260 296 593 1196 29
540,260 318 593 1196 25
541,260 318 527 593 119
542,260 318 356 2571 2959
543,260 296 356 527 593
544,260 260 296 318 593 25
545,260 296 356 527 1196
546,260 318 593 2959<
547,260 296 318 356 593 25
548,260 296 318 356 527 5
549,260 296 318 527 593
550,260 296 356 527 2571
551,260 296 318 527 593
552,260 296 318 527 593
553,260 296 318 2571 2959
554,260 296 1196 2571 29
555,260 296 527 593 119
556,260 296 356 527 593
557,260 296 318 356 527 5
558,260 318 527 593 29
559,260 296 318 527 593
560,260 296 318 527 593
561,260 296 2571 2959<
562,260 296 356 593 2571
563,260 318 593 2571<
564,260 318 356 593<|
565,260 296 318 2571<|
566,260 356 1196 2959<
567,260 356 593 2959<
568,260 318 527 593 119
569,260 296 318 527 593
570,260 318 356 593 1196
571,260 356 593 1196 25
572,260 296 356 527 1196
573,260 260 296 318 356 1196
574,260 296 318 356 527 119
575,260 318 593 1196<
576,260 260 296 318 356 593
577,260 318 527 2571<
578,260 318 356 527 593
579,260 296 356 593 1196
580,260 296 356 527 593
581,260 296 318 356 527 5
582,260 296 318 356 593 5
583,260 296 318 356 593 25
584,260 296 356 593 1196
585,260 296 356 1196 2571
586,260 296 318 356 593 25
587,260 296 318 527 593
588,260 296 356 527 2571
589,260 296 318 356 527 5
590,260 296 318 1196 2571
591,260 296 318 527 593
592,260 296 318 356 593 119
593,260 296 318 356 527 5
594,260 296 527 593 25
595,260 296 318 356 593 119
596,260 296 356 527 593
597,260 296 356 527 593
598,260 296 527 1196 29
599,260 296 318 356 593 29
600,296 318 593 2571<
601,296 318 356 527 2571
602,296 318 593 1196 25
603,296 318 356 527 593
604,296 356 2959<|end
605,296 318 356 527 2959
606,296 318 1196 2571<
607,296 318 527 593<
608,296 318 356 527 593
609,296 296 318 356 593 29
610,296 318 593 1196 25
611,296 318 593 2571 29
612,296 2959<|endof
613,296 593 2959<|
614,296 527 2571 2959
615,296 318 527 1196<
616,296 318 527 593 29
617,296 296 318 527 2959
618,296 318 356 593 2959
619,296 1196 2571 2959
620,296 2959<|endof
621,296 296 318 356 2571<
622,296 356 527 593 25
623,296 318 593 1196 29
624,296 260 356 593 1196
625,296 318 356 2959<|
626,296 318 356 527 593
627,296 318 356 593 2571
628,296 318 356 593 1196
629,296 296 593 1196 25
630,296 356 527 2959<
631,296 318 356 593 2571
632,296 318 593 1196 29
633,296 527 593 1196
634,296 318 356 593 2959
635,296 356 2571 2959<
636,296 318 356 593 593
637,296 318 527 593 119
638,296 527 593 2959
639,296 318 1196 2959<
640,296 318 356 593 1196
641,296 318 356 527 593
642,296 318 593 2959<
643,296 318 1196 2571<
644,296 296 527 593 119
645,296 593 2571 2959
646,296 318 1196 2571<
647,296 318 356 1196 2959
648,296 260 296 318 356 1196
649,296 356 1196<|end
650,296 318 527 593 25
651,296 318 593 2571<
652,296 318 356 527 1196
653,296 318 356 527 593
654,296 356 593 2571<
655,296 527 2571<|
656,296 318 356 593<|
657,296 356 593 2959<
658,296 318 356 593 1196
659,296 356 593 2571 29
660,296 356 593 1196 25
661,296 318 527 593 29
662,296 318 356 2571<|
663,296 318 593 2571 29
664,296 318 356 593 1196
665,296 296 318 593 2571
666,296 527 2571<|
667,296 318 2959<|end
668,296 356 593<|end
669,296 356 593 1196 29
670,296 527 593 1196
671,296 260 356 2571 2959
672,296 318 593 1196 25
673,296 356 593 1196 29
674,296 2571 2959<|
675,296 318 2571 2959<
676,296 318<|endoftext
677,296 318 356 527 593
678,296 318 356 527 593
679,296 1196 2571<|
680,296 318 356 593 1196
681,296 593<|endof
682,296 318 356 593 1196
683,296 318 593 2571 29
684,296 527 593 1196
685,296 318 1196 2571 29
686,296 318<|endoftext
687,296 356 527 1196 25
688,296 1196 2571 2959
689,296 318 356 2571 2959
690,296 296 318<|endof
691,296 318 356 1196 2571
692,296 2571<|endof
693,296 318 593 1196 25
694,296 318 356 527 1196
695,296 318 356 2959<|
696,296 318 356 593 2959
697,296 318 527 593 119
698,296 593 2571<|
699,296 318 356 593 1196
700,296 318 527 1196<
701,296 1196 2959<|
702,296 356 593 2959<
703,296 318 356 527 593
704,296 593 1196<|
705,296 318 593 2571<
706,296 593 2959<|
707,296 318 1196 2571<
708,296 318 356 1196 2571
709,296 260 593 2959<
710,296 318 356 593 1196
711,296 296 356 593 1196
712,296 296 356 593 1196
713,296 318 356 527 593
714,296 593 2571 2959
715,296 318 356 2959<|
716,296 318 356 527 593
717,296 296 318 356 527 5
718,296 356 527 2959<
719,296 296 318 356 593 119
720,296 318 527 2571<
721,296 318 1196 2571<
722,296 318 356 593<|
723,296 318 527 593 25
724,296 593 1196<|
725,296 318 356 593 1196
726,296 2571 2959<|
727,296 318 1196 2571 29
728,296 318 527 593 25
729,296 318 356 527 593
730,296 318 356 2571 2959
731,296 318 527 593 25
732,296 527 2571<|
733,296 318 356 593 2571
734,296 318 356 1196 2571
735,296 318 356 527 593
736,296 318 356 593 2959
737,296 318 356 593 1196
738,296 1196<|endof
739,296 593 1196 2959
740,296 593 2571<|
741,296 527 593 2571
742,296 318 1196<|end
743,296 318 356 593 2571
744,296 318 593 2571 29
745,296 318 356 1196 2959
746,296 356 593 1196 25
747,296 527 593 2571
748,296 318 593<|end
749,296 527 2571<|
750,296 318 593<|end
751,296 318 356 1196 2571
752,296 318 356 593 2959
753,296 2571<|endof
754,296 318 593 2959<
755,296 527 1196 2571
756,296 318 593 2571 29
757,296 318 356 1196 2571
758,296 318 356 2571 2959
759,296 1196 2571 2959
760,296 318 356 527 1196
761,296 2571<|endof
762,296 318 593 2571<
763,296 356 1196 2571<
764,296 318 356 1196 2571
765,296 318 356 1196<|
766,296 318 356 527 593
767,296 318 527 593 119
768,296 356 527 593 25
769,296 318 356 593 2959
770,296 318 2959<|end
771,296 318 593 2571<
772,296 356 1196 2959<
773,296 1196 2571 2959
774,296 1196 2571<|
775,296 356 1196 2571<
776,296 318 527 593 25
777,296 296 318 356 2571 29
778,296 593 2571 2959
779,296 318 1196 2571<
780,296 356 593 1196 29
781,296 1196 2571<|
782,296 2571<|endof
783,296 1196 2571<|
784,296 1196 2959<|
785,296 318 356 593<|
786,296 356 593 1196 25
787,296 318 356 527 593
788,296 593 1196<|
789,296 318 356 593<|
790,296 318 593 1196 29
791,296 318 527 593 119
792,296 356 527 593 25
793,296 318 593 2571<
794,296 593 1196 2959
795,296 318 356 1196 2959
796,296 527 593 2959
797,296 318 1196 2571<
798,296 318 593 1196<
799,296 318 356 593 2959
800,318 356 527 593 25
801,318 527 593 2959
802,318 356 527 593 119
803,318 527 593 1196
804,318 527 593 1196
805,318 593 2959<|
806,318 356 527<|end
807,318 593<|endof
808,318 356 593 1196 25
809,318 356 527 2571<
810,318 593 2959<|
811,318 356 527 593 119
812,318 356 527 593 25
813,318 593 1196<|
814,318 593 1196<|
815,318 527 593 1196
816,318 527 2571 2959
817,318 356 527 593 119
818,318 527 593 2959
819,318 356 593 2571 29
820,318 593 2571<|
821,318 527 1196 2959
822,318 296 318 356 527 5
823,318 527 593 2959
824,318 527 593 1196
825,318 527 593 1196
826,318 356 527 593 119
827,318 593 2571<|
828,318 356 527 593 29
829,318 527 1196 2571
830,318 296 356 593 1196
831,318 593 1196 2959
832,318 356 527 593<
833,318 260 356 527 593
834,318 593 2959<|
835,318 593 2571<|
836,318 1196 2959<|
837,318 527 2571 2959
838,318 356 593 2959<
839,318 356 593 1196 29
840,318 527 593 1196
841,318 356 527 2959<
842,318 527 593 1196
843,318 527 2959<|
844,318 527 593<|
845,318 593 2571 2959
846,318 527 593 1196
847,318 527 593 1196
848,318 593 2959<|
849,318 2571 2959<|
850,318 356 593<|end
851,318 527 593 2959
852,318 356 593 1196 25
853,318 356 527 593 119
854,318 356 593 1196 25
855,318 318 593 2959<
856,318 527 593 1196
857,318 527 2571 2959
858,318 356 2571<|end
859,318 356 593 1196 25
860,318 593 2959<|
861,318 356 527 593 29
862,318 593 1196<|
863,318 527 1196 2571
864,318 593 2571<|
865,318 356 1196 2571<
866,318 527 593 2571
867,318 356 527 1196 25
868,318 593 2571 2959
869,318 593 2571 2959
870,318 1196 2571<|
871,318 593<|endof
872,318 356 593 2571<
873,318 527 593 1196
874,318 593<|endof
875,318 527 593 1196
876,318 318 527 593 25
877,318 527 1196 2571
878,318 356 527 593 119
879,318 2571<|endof
880,318 356 593 1196 25
881,318 527 593 1196
882,318 593 2959<|
883,318 1196 2571 2959
884,318 260 356 593 1196
885,318 527 1196<|
886,318 593<|endof
887,318 356 527 593 29
888,318 527 593 1196
889,318 527 593 2959
890,318 356 527 593 119
891,318 593 1196 2571
892,318 356 593<|end
893,318 2571<|endof
894,318 356 593 1196 25
895,318 527 1196<|
896,318 593 2571<|
897,318 527 593 1196
898,318 593 1196 2959
899,318 593<|endof
900,318 593 2571 2959
901,318 318<|endoftext
902,318 296 318 356 527 5
903,318 527 1196 2571
904,318 527 593 1196
905,318 527 1196<|
906,318 356 527 593 119
907,318 356 527 593 119
908,318 356 527 2571 29
909,318 593 1196 2959
910,318 318 356 593 2571
911,318 296 356 593 1196
912,318 356<|endoftext
913,318 296 318 356 2571<
914,318 356 2571 2959<
915,318 356 593 1196 29
916,318 356 593 2571 29
917,318 356 593 2571<
918,318 527 593 1196
919,318 527 593 1196
920,318 356 527 593 119
921,318 527 593 1196
922,318 593 2571 2959
923,318 318 356 593 1196
924,318 260 318 593 2959
925,318 527 2571<|
926,318 356 593 1196 25
927,318 296 318 356 2571 29
928,318 593 1196 2959
929,318 527 593 1196
930,318 356 593 2959<
931,318 593 1196<|
932,318 527 2959<|
933,318 2571<|endof
934,318 318 593 1196 29
935,318 527 593 2571
936,318 593 2959<|
937,318 527 593 1196
938,318 593 1196<|
939,318 356 527 1196 25
940,318 593 1196 2959
941,318 527 2959<|
942,318 527 593 2571
943,318 593 2959<|
944,318 318 356 527 593
945,318 1196 2571<|
946,318 593 1196 2571
947,318 356 593 1196 25
948,318 593 1196<|
949,318 593 2571 2959
950,318 593 2571 2959
951,318 527 593 1196
952,318 356 593<|end
953,318 527 2571<|
954,318 356<|endoftext
955,318 593 1196 2571
956,318 527 593 2959
957,318 593 1196 2959
958,318 527 593 1196
959,318 356 2571 2959<
960,318 593<|endof
961,318 593 1196 2571
962,318 356 527 593 119
963,318 527 593 1196
964,318 593 1196 2959
965,318 593 1196 2571
966,318 593 2571<|
967,318 527 593<|
968,318 356 593 1196 25
969,318 593 1196 2571
970,318 527 593 1196
971,318 260 527 593 119
972,318 527 1196 2571
973,318 593 2571<|
974,318 527 593 1196
975,318 260 318 527 593
976,318 356 593 1196<
977,318 593<|endof
978,318 527 593<|
979,318 593 2959<|
980,318 2571 2959<|
981,318 527 593 2571
982,318 356 527 593 29
983,318 593 2571 2959
984,318 356 527 593 25
985,318 527 593 2571
986,318 356 527 593 119
987,318 527<|endof
988,318 356 1196 2571 29
989,318 527 593 1196
990,318 527 2571 2959
991,318 527 2571<|
992,318 527 593 2571
993,318 2571<|endof
994,318 527 593 1196
995,318 356 527 593 119
996,318 356 527 2959<
997,318 527 1196 2571
998,318 356 527 2571<
999,318 318 527 593 119
1000,356 593 1196 2571
1001,356 527 1196 2571
1002,356 527 2959<|
1003,356 527 593 2571
1004,356 527 1196 2571
1005,356 527 109 2959<
1006,356 527 2959<|
1007,356 318 527 2959<
1008,356 593 1196 2959
1009,356<|endoftext|
1010,356 527 1196 2571
1011,356 593 2571<|
1012,356 527 593 1196
1013,356 527 593 1196
1014,356 593 2571 2959
1015,356 527 2571<|
1016,356 593<|endof
1017,356 593 1196 2571
1018,356<|endoftext|
1019,356 593 2571 2959
1020,356 527 593 2571
1021,356<|endoftext|
1022,356 593 1196 2571
1023,356 593 2571 2959
1024,356 593 2571<|
1025,356 527 593 1196
1026,356 593 1196 2959
1027,356<|endoftext|
1028,356 318 527 1196 25
1029,356 318 593 2959<
1030,356 527 2959<|
1031,356 527 2571<|
1032,356 2571<|endof
1033,356 527 593<|
1034,356 527 593 2959
1035,356 593 1196 2959
1036,356 318 356 593 1196
1037,356 527 593 1196
1038,356 593 593<|
1039,356 260 296 527 593
1040,356 527 593 1196
1041,356 593 1196 2571
1042,356<|endoftext|
1043,356<|endoftext|
1044,356 527 1196 2571
1045,356 593 1196 2959
1046,356 527 593 2571
1047,356 593 1196 2571
1048,356 356 527 593 119
1049,356 593 2959<|
1050,356 593 1196 2571
1051,356 356 593 1196 29
1052,356 593 2571<|
1053,356 527 2571 2959
1054,356 527 593 2571
1055,356 527 593 1196
1056,356 318 593 2571 29
1057,356 1196 2571<|
1058,356 527 593 2571
1059,356 527 2571<|
1060,356 593 2959<|
1061,356 593 1196<|
1062,356 2959<|endof
1063,356 527 593 1196
1064,356 527 593 2959
1065,356 356 2571 2959<
1066,356 527 1196 2571
1067,356 593 2571 2959
1068,356 593 2571 2959
1069,356 527 593 2959
1070,356 593<|endof
1071,356 527 593<|
1072,356 527 1196 2959
1073,356 593 2571 2959
1074,356 593 2571<|
1075,356 527 593<|
1076,356 593 2571<|
1077,356 2571 2959<|
1078,356 527 593 1196
1079,356 527 593 2571
1080,356 593<|endof
1081,356 593 1196<|
1082,356<|endoftext|
1083,356 527 593 1196
1084,356 527 593 1196
1085,356 2571 2959<|
1086,356 527 2571<|
1087,356 1196 2571 2959
1088,356 527 2959<|
1089,356 593 2571 2959
1090,356 318 527 593 119
1091,356 527<|endof
1092,356 1196 2571 2959
1093,356 593 1196<|
1094,356 593 1196 2571
1095,356 1196 2571<|
1096,356 593 1196<|
1097,356 593 1196 2959
1098,356 527 593 1196
1099,356 593 1196<|
1100,356 2571<|endof
1101,356 1196 2571<|
1102,356 593 1196 2571
1103,356 526 1196 2571
1104,356 356 593 2571 29
1105,356 318 527 593 25
1106,356 527 593 2959
1107,356 2959<|endof
1108,356 527 593 2571
1109,356 356 593 1196 29
1110,356 527 593 1196
1111,356 593 1196 2571
1112,356 527 593 1196
1113,356 593 2571<|
1114,356 527 593<|
1115,356 593 1196 2959
1116,356 593 1196 2571
1117,356 593 1196 2571
1118,356<|endoftext|
1119,356 593 2571<|
1120,356 527 593 1196
1121,356 593 1196 2571
1122,356 356 593 2571 29
1123,356 1196 2571<|
1124,356 593 1196 2571
1125,356 593 1196 2571
1126,356 527 1196 2571
1127,356 356 527 593 29
1128,356 593 2959<|
1129,356 527 593 2959
1130,356 527 593 2959
1131,356<|endoftext|
1132,356 2959<|endof
1133,356 593 2571<|
1134,356 593 2571<|
1135,356 2571<|endof
1136,356 527 593 1196
1137,356 527 593<|
1138,356 318 527 593 119
1139,356 527 2571<|
1140,356 593 2959<|
1141,356 527 593 1196
1142,356 527 2959<|
1143,356 527 593 2571
1144,356 260 296 356 593 119
1145,356 593 2571 2959
1146,356 318 593 1196 25
1147,356 527 593 1196
1148,356 593 1196 2571
1149,356<|endoftext|
1150,356 2571 2959<|
1151,356 527 593 2571
1152,356 593 1196 2959
1153,356 1196 2571<|
1154,356 593 1196 2571
1155,356 593 2571<|
1156,356 1196 2571 2959
1157,356 2571 2959<|
1158,356 318 1196 2571 29
1159,356 593 1196 2959
1160,356 527 593 2571
1161,356<|endoftext|
1162,356 2959<|endof
1163,356 593 2959<|
1164,356 593 2571 2959
1165,356 593 1196 2959
1166,356 356 1196 2571 29
1167,356 527 593 2959
1168,356 593 1196 2571
1169,356<|endoftext|
1170,356 593 1196 2959
1171,356 527 593 593
1172,356 318 2959<|end
1173,356 593<|endof
1174,356 593 2571 2959
1175,356<|endoftext|
1176,356 593 1196 2571
1177,356 527 593 1196
1178,356 593 1196 2571
1179,356 593 2571 2959
1180,356 593<|endof
1181,356 527 593 2571
1182,356 593 2571<|
1183,356 356 527 1196 29
1184,356 527 2571<|
1185,356 527 593 1196
1186,356 593 2571<|
1187,356 593 2571 2959
1188,356 527 1196 2571
1189,356 593 1196<|
1190,356 527 593<|
1191,356 527 593 2959
1192,356 593 2571 2959
1193,356 318 356 527 593
1194,356 1196<|endof
1195,356 2959<|endof
1196,356 318 1196<|end
1197,356 318 356 593 2959
1198,356<|endoftext|
1199,356 527 593 1196
1200,527 593 2571 2959
1201,527 2571<|endof
1202,527 593<|endof
1203,527 593 2571 2959
1204,527 2959<|endof
1205,527 2571 2959<|
1206,527 593 1196 2959
1207,527 2571<|endof
1208,527 593 2959<|
1209,527 2571 2959<|
1210,527 1196 2571 2959
1211,527 1196 2571<|
1212,527 593 1196 2571
1213,527 593 2571 2959
1214,527 1196 2571<|
1215,527 593 1196 2571
1216,527 593 2571<|
1217,527 593<|endof
1218,527 2571<|endof
1219,527 593 1196 2959
1220,527<|endoftext|
1221,527 2959<|endof
1222,527 1196 2571<|
1223,527 593 1196<|
1224,527 2959<|endof
1225,527 2571<|endof
1226,527 593 1196 2571
1227,527 1196<|endof
1228,527 593 1196<|
1229,527 593 2571 2959
1230,527 593<|endof
1231,527 593 1196 2959
1232,527 1196 2959<|
1233,527 1196<|endof
1234,527 2959<|endof
1235,527 593 1196 2571
1236,527 593 1196 2571
1237,527 1196 2571 2959
1238,527 593 1196 2959
1239,527 593 1196 2571
1240,527 2959<|endof
1241,527 1196 2571<|
1242,527 1196 2571 2959
1243,527 593 1196 2571
1244,527 593 2959<|
1245,527 593 2571 2959
1246,527 593 1196 2571
1247,527 593 2959<|
1248,527 2571<|endof
1249,527 593 1196 2571
1250,527 1196 2959<|
1251,527 593 2959<|
1252,527 2959<|endof
1253,527 593 2571<|
1254,527 1196<|endof
1255,527 593 1196 2571
1256,527 593<|endof
1257,527 1196 2571<|
1258,527 593<|endof
1259,527 1196<|endof
1260,527 2959<|endof
1261,527 593 2959<|
1262,527<|endoftext|
1263,527 2571 2959<|
1264,527 593 2571 2959
1265,527 593 1196 2959
1266,527 593 2959<|
1267,527 1196 2959<|
1268,527 593 1196 2571
1269,527 593<|endof
1270,527 593 2571 2959
1271,527 593 2959<|
1272,527 593<|endof
1273,527<|endoftext|
1274,527 593 1196 2571
1275,527 593<|endof
1276,527 2571 2959<|
1277,527 593 1196 2571
1278,527 2571 2959<|
1279,527 593 2959<|
1280,527 1196 2571<|
1281,527 593 1196 2571
1282,527 593 2959<|
1283,527 2959<|endof
1284,527 593 2959<|
1285,527 1196 2571<|
1286,527 593<|endof
1287,527 593 2571 2959
1288,527 593 1196 2571
1289,527 593<|endof
1290,527 593 2959<|
1291,527 1196 2571<|
1292,527 593 2571 2959
1293,527 2571<|endof
1294,527 2959<|endof
1295,527 593<|endof
1296,527 1196 2959<|
1297,527 1196 2571<|
1298,527 1196 2959<|
1299,527 593 2959<|
1300,527<|endoftext|
1301,527 2571<|endof
1302,527 593 1196 2571
1303,527 593 2959<|
1304,527 593 2571 2959
1305,527 2571<|endof
1306,527 2571 2959<|
1307,527 1196 2571<|
1308,527 593 1196 2571
1309,527 593 1196 2571
1310,527 1196 2571 2959
1311,527 593 1196 2959
1312,527 593 2571<|
1313,527 593 1196 2959
1314,527 2571<|endof
1315,527 593 2571 2959
1316,527 593 1196 2571
1317,527 2959<|endof
1318,527<|endoftext|
1319,527 593 2571 2959
1320,527 1196<|endof
1321,527 1196<|endof
1322,527 2571<|endof
1323,527 1196 2571<|
1324,527 2959<|endof
1325,527 593 2959<|
1326,527 593 1196 2959
1327,527 1196 2571<|
1328,527 593 1196 2959
1329,527 2959<|endof
1330,527 593 2959<|
1331,527 1196<|endof
1332,527 593 2571 2959
1333,527 593 1196 2959
1334,527 593 1196 2571
1335,527 1196 2571<|
1336,527 2959<|endof
1337,527 2571<|endof
1338,527 593 2571<|
1339,527 593<|endof
1340,527 593 2571<|
1341,527 2571<|endof
1342,527 593 2571<|
1343,527 1196 2959<|
1344,527<|endoftext|
1345,527<|endoftext|
1346,527 1196 2571 2959
1347,527 1196 2571<|
1348,527 593 2959<|
1349,527 593 1196 2571
1350,527 593 2959<|
1351,527 593 1196 2571
1352,527 593 2571<|
1353,527<|endoftext|
1354,527 593 1196 2959
1355,527 593 1196 2571
1356,527 2571<|endof
1357,527 593 1196<|
1358,527 2571<|endof
1359,527 593<|endof
1360,527 2571 2959<|
1361,527 593 1196 2571
1362,527 2571<|endof
1363,527 2571 2959<|
1364,527 593 2571 2959
1365,527 1196 2571 2959
1366,527 593 1196 2571
1367,527 593<|endof
1368,527 2571 2959<|
1369,527 593 2571 2959
1370,527 2959<|endof
1371,527<|endoftext|
1372,527 593 2959<|
1373,527<|endoftext|
1374,527 1196<|endof
1375,527 593 1196 2571
1376,527 593 1196 2959
1377,527 593 1196<|
1378,527 593 2571<|
1379,527 593 2571 2959
1380,527 2571 2959<|
1381,527 593 1196<|
1382,527<|endoftext|
1383,527 2571<|endof
1384,527 593 1196 2571
1385,527 593 2571 2959
1386,527 593 593 2571
1387,527 593 593 1196
1388,527 593 2571 2959
1389,527 593 593 2571
1390,527 593 1196 2959
1391,527 593 2571<|
1392,527 593 2571 2959
1393,527 593 1196 2571
1394,527 593 1196 2959
1395,527 593 1196 2571
1396,527 593 2959<|
1397,527 593 1196 2571
1398,527 1196 2571<|
1399,527 593 2571<|
1400,593 593 2959<|
1401,593<|endoftext|
1402,593<|endoftext|
1403,593<|endoftext|
1404,593 2571 2959<|
1405,593 1196 2571<|
1406,593 2959<|endof
1407,593 2571<|endof
1408,593 1196 2959<|
1409,593 1196 2571<|
1410,593 527 593 1196
1411,593 2571 2959<|
1412,593 1196 2959<|
1413,593<|endoftext|
1414,593 1196 2571<|
1415,593 2571 2959<|
1416,593 1196 2959<|
1417,593<|endoftext|
1418,593<|endoftext|
1419,593 593 2959<|
1420,593<|endoftext|
1421,593 1196 2959<|
1422,593<|endoftext|
1423,593<|endoftext|
1424,593 593 2959<|
1425,593<|endoftext|
1426,593 1196 2959<|
1427,593<|endoftext|
1428,593<|endoftext|
1429,593 318 527 2571 29
1430,593 1196 2571<|
1431,593 2959<|endof
1432,593 2959<|endof
1433,593 593 2959<|
1434,593 2571<|endof
1435,593 2571<|endof
1436,593 593 2959<|
1437,593 296 356<|endof
1438,593<|endoftext|
1439,593 1196<|endof
1440,593 1196 2571<|
1441,593 593<|endof
1442,593 593<|endof
1443,593 2571<|endof
1444,593 1196<|endof
1445,593 1196<|endof
1446,593<|endoftext|
1447,593 1196 2571<|
1448,593 1196 2571 2959
1449,593 1196 2571<|
1450,593 318 527 593 29
1451,593<|endoftext|
1452,593<|endoftext|
1453,593 318 593 1196 25
1454,593<|endoftext|
1455,593 318 527<|end
1456,593 2571 2959<|
1457,593 1196>260 296 318
1458,593 318 1196 2571<
1459,593<|endoftext|
1460,593 593 1196 2959
1461,593 2571<|endof
1462,593 1196 2571<|
1463,593 2571 2959<|
1464,593 1196 2959<|
1465,593 593 1196 2571
1466,593<|endoftext|
1467,593 593 2959<|
1468,593<|endoftext|
1469,593 2959<|endof
1470,593<|endoftext|
1471,593 1196 2571<|
1472,593<|endoftext|
1473,593 593 2959<|
1474,593<|endoftext|
1475,593 2571 2959<|
1476,593<|endoftext|
1477,593 2571 2959<|
1478,593<|endoftext|
1479,593 527 593 1196
1480,593 2571 2959<|
1481,593 2959<|endof
1482,593 1196 2571<|
1483,593 1196 2571<|
1484,593<|endoftext|
1485,593 2571<|endof
1486,593 593 2959<|
1487,593 527 593 2959
1488,593 1196 2571 2959
1489,593 2571<|endof
1490,593 2571<|endof
1491,593<|endoftext|
1492,593 593<|endof
1493,593 593 1196 2959
1494,593<|endoftext|
1495,593 1196 2571<|
1496,593<|endoftext|
1497,593 1196 2571 2959
1498,593 593 2571 2959
1499,593<|endoftext|
1500,593<|endoftext|
1501,593 593 2571 2959
1502,593 2571<|endof
1503,593<|endoftext|
1504,593<|endoftext|
1505,593 593 1196 2959
1506,593<|endoftext|
1507,593 593 1196<|
1508,593 527 1196 2959
1509,593<|endoftext|
1510,593 1196 2571<|
1511,593 2959<|endof
1512,593<|endoftext|
1513,593<|endoftext|
1514,593 1196 2959<|
1515,593 593 2959<|
1516,593 356 593 2959<
1517,593<|endoftext|
1518,593 2959<|endof
1519,593<|endoftext|
1520,593 296 356 593<|
1521,593<|endoftext|
1522,593 356 2959<|end
1523,593<|endoftext|
1524,593 2959<|endof
1525,593<|endoftext|
1526,593 593 1196 2959
1527,593<|endoftext|
1528,593 260 296 1196 2959
1529,593<|endoftext|
1530,593<|endoftext|
1531,593 2571<|endof
1532,593 1196 2571 2959
1533,593<|endoftext|
1534,593 1196 2571 2959
1535,593 318 593 2571 29
1536,593<|endoftext|
1537,593 2571 2959<|
1538,593 2959<|endof
1539,593 2959<|endof
1540,593 1196 2959<|
1541,593 318 527 1196 29
1542,593<|endoftext|
1543,593<|endoftext|
1544,593 593 1196 2959
1545,593 2571<|endof
1546,593 2571 2959<|
1547,593 593 1196 2571
1548,593 1196 2959<|
1549,593 2571 2959<|
1550,593 2571 2959<|
1551,593 2571<|endof
1552,593 527 2959<|
1553,593 527 2959<|
1554,593<|endoftext|
1555,593 593 2959<|
1556,593 1196 2571<|
1557,593 318 1196 2571 29
1558,593<|endoftext|
1559,593 1196 2959<|
1560,593<|endoftext|
1561,593<|endoftext|
1562,593<|endoftext|
1563,593<|endoftext|
1564,593 527 593 1196
1565,593 296 527 1196 29
1566,593<|endoftext|
1567,593 593 1196<|
1568,593<|endoftext|
1569,593 2571 2959<|
1570,593<|endoftext|
1571,593 2571<|endof
1572,593 593 1196 2959
1573,593 2571 2959<|
1574,593<|endoftext|
1575,593<|endoftext|
1576,593 1196 2571<|
1577,593<|endoftext|
1578,593<|endoftext|
1579,593<|endoftext|
1580,593<|endoftext|
1581,593 2959<|endof
1582,593<|endoftext|
1583,593<|endoftext|
1584,593<|endoftext|
1585,593 1196 2959<|
1586,593 1196 2571<|
1587,593 318 593 2571<
1588,593 318 593 1196 29
1589,593 318 527 593 29
1590,593 296 318 356 527 5
1591,593<|endoftext|
1592,593<|endoftext|
1593,593 593 1196 2571
1594,593<|endoftext|
1595,593 593 2959<|
1596,593 2571<|endof
1597,593 593 2571<|
1598,593<|endoftext|
1599,593 1196 2959<|
1600,2571 2959<|endof
1601,2571<|endoftext|
1602,2571 2959<|endof
1603,2571 2959<|endof
1604,2571<|endoftext|
1605,2571<|endoftext|
1606,2571 2959<|endof
1607,2571 2959<|endof
1608,2571 2571 2959<|
1609,2571<|endoftext|
1610,2571<|endoftext|
1611,2571<|endoftext|
1612,2571<|endoftext|
1613,2571 2959<|endof
1614,2571<|endoftext|
1615,2571<|endoftext|
1616,2571 2959<|endof
1617,2571 2959<|endof
1618,2571<|endoftext|
1619,2571 2959<|endof
1620,2571 2959<|endof
1621,2571 2959<|endof
1622,2571<|endoftext|
1623,2571 2959<|endof
1624,2571 296 527 593 25
1625,2571 2959<|endof
1626,2571 2959<|endof
1627,2571 2959<|endof
1628,2571 2959<|endof
1629,2571 2959<|endof
1630,2571<|endoftext|
1631,2571<|endoftext|
1632,2571 2959<|endof
1633,2571 2959<|endof
1634,2571<|endoftext|
1635,2571 2959<|endof
1636,2571<|endoftext|
1637,2571<|endoftext|
1638,2571 2959<|endof
1639,2571 2959<|endof
1640,2571 2959<|endof
1641,2571 2959<|endof
1642,2571<|endoftext|
1643,2571 2959<|endof
1644,2571<|endoftext|
1645,2571 2959<|endof
1646,2571 2959<|endof
1647,2571 2959<|endof
1648,2571 2959<|endof
1649,2571 2959<|endof
1650,2571 2959<|endof
1651,2571<|endoftext|
1652,2571 2959<|endof
1653,2571<|endoftext|
1654,2571 2959<|endof
1655,2571 2959<|endof
1656,2571<|endoftext|
1657,2571<|endoftext|
1658,2571 2959<|endof
1659,2571 2959<|endof
1660,2571<|endoftext|
1661,2571 2959<|endof
1662,2571<|endoftext|
1663,2571 2959<|endof
1664,2571<|endoftext|
1665,2571 2959<|endof
1666,2571 2959<|endof
1667,2571 2959<|endof
1668,2571 2959<|endof
1669,2571 2959<|endof
1670,2571 2959<|endof
1671,2571<|endoftext|
1672,2571 2959<|endof
1673,2571 2959<|endof
1674,2571<|endoftext|
1675,2571 2959<|endof
1676,2571 2959<|endof
1677,2571 2959<|endof
1678,2571<|endoftext|
1679,2571<|endoftext|
1680,2571 2959<|endof
1681,2571 2959<|endof
1682,2571<|endoftext|
1683,2571 2959<|endof
1684,2571 2959<|endof
1685,2571 2959<|endof
1686,2571<|endoftext|
1687,2571<|endoftext|
1688,2571 2959<|endof
1689,2571 2959<|endof
1690,2571 2959<|endof
1691,2571 2959<|endof
1692,2571<|endoftext|
1693,2571 2959<|endof
1694,2571 2959<|endof
1695,2571<|endoftext|
1696,2571<|endoftext|
1697,2571 2959<|endof
1698,2571<|endoftext|
1699,2571<|endoftext|
1700,2571 2959<|endof
1701,2571<|endoftext|
1702,2571 2959<|endof
1703,2571<|endoftext|
1704,2571 2959<|endof
1705,2571<|endoftext|
1706,2571<|endoftext|
1707,2571<|endoftext|
1708,2571 2959<|endof
1709,2571 2959<|endof
1710,2571 2959<|endof
1711,2571 2959<|endof
1712,2571 1196 2959<|
1713,2571 2959<|endof
1714,2571 2959<|endof
1715,2571<|endoftext|
1716,2571 2959<|endof
1717,2571 2959<|endof
1718,2571 2959<|endof
1719,2571 2959<|endof
1720,2571<|endoftext|
1721,2571<|endoftext|
1722,2571 2959<|endof
1723,2571 2959<|endof
1724,2571 2959<|endof
1725,2571 2959<|endof
1726,2571<|endoftext|
1727,2571 2959<|endof
1728,2571<|endoftext|
1729,2571 2959<|endof
1730,2571 2959<|endof
1731,2571 2959<|endof
1732,2571<|endoftext|
1733,2571 2959<|endof
1734,2571<|endoftext|
1735,2571 2959<|endof
1736,2571<|endoftext|
1737,2571<|endoftext|
1738,2571 2959<|endof
1739,2571 2959<|endof
1740,2571<|endoftext|
1741,2571<|endoftext|
1742,2571<|endoftext|
1743,2571 2959<|endof
1744,2571<|endoftext|
1745,2571 2959<|endof
1746,2571<|endoftext|
1747,2571 2959<|endof
1748,2571 2959<|endof
1749,2571 2959<|endof
1750,2571 2959<|endof
1751,2571 2959<|endof
1752,2571 2959<|endof
1753,2571 2959<|endof
1754,2571 2959<|endof
1755,2571 2959<|endof
1756,2571 2959<|endof
1757,2571<|endoftext|
1758,2571 2959<|endof
1759,2571<|endoftext|
1760,2571 2959<|endof
1761,2571 2959<|endof
1762,2571<|endoftext|
1763,2571 2959<|endof
1764,2571<|endoftext|
1765,2571 2959<|endof
1766,2571<|endoftext|
1767,2571<|endoftext|
1768,2571 2571 2959<|
1769,2571 2959<|endof
1770,2571<|endoftext|
1771,2571 2959<|endof
1772,2571<|endoftext|
1773,2571 2571 2959<|
1774,2571<|endoftext|
1775,2571 2571 2959<|
1776,2571<|endoftext|
1777,2571 2959<|endof
1778,2571 2959<|endof
1779,2571 2959<|endof
1780,2571<|endoftext|
1781,2571 2959<|endof
1782,2571 2959<|endof
1783,2571 2959<|endof
1784,2571 2959<|endof
1785,2571<|endoftext|
1786,2571 2959<|endof
1787,2571 2959<|endof
1788,2571 2959<|endof
1789,2571 2959<|endof
1790,2571<|endoftext|
1791,2571 2959<|endof
1792,2571 2959<|endof
1793,2571 2959<|endof
1794,2571 2959<|endof
1795,2571 2959<|endof
1796,2571<|endoftext|
1797,2571<|endoftext|
1798,2571<|endoftext|
1799,2571<|endoftext|
